"portfolio","IR","beta","top_1","top_5","top_10","top_20"
"baseline",2.95839625459523,0.535211267605033,0.00599,0.03057,0.06145,0.12251
"tangency ($\lambda$ = 0)",6.37471247914413,1,7e-04,0.00741,0.02404,0.0791
"tangency ($\lambda$ = 0.0003)",11.760446301817,0.56893057043435,0.01536,0.07577,0.14628,0.26892
"rank opt. (q = 1)",-6.77784425272037,0.290671750000211,0.01949,0.06258,0.08815,0.12566
"rank opt. (q = 20)",-2.68614826165166,0.438029749999993,0.00483,0.02611,0.05743,0.14449
