"portfolio","IR","top_1","top_5","top_10","top_20"
"baseline",2.95839625459523,0.00599,0.03057,0.06145,0.12251
"tangency ($\lambda$ = 0)",6.37471247914413,7e-04,0.00741,0.02404,0.0791
"tangency ($\lambda$ = 0.0001)",8.98072394414767,0.0043,0.03059,0.07296,0.17043
"tangency ($\lambda$ = 0.0003)",11.760446301817,0.01536,0.07577,0.14628,0.26892
"tangency ($\lambda$ = 0.001)",18.2857137595245,0.06802,0.20822,0.31708,0.46421
